,label,likelihood
0,1,0.7378252
1,1,0.6819462
2,1,0.9275708
3,0,0.5782684
4,1,0.5533303
5,1,0.813835
